<?xml version="1.0" encoding="UTF-8"?>
<project-private xmlns="http://www.netbeans.org/ns/project-private/1">
    <editor-bookmarks xmlns="http://www.netbeans.org/ns/editor-bookmarks/2" lastBookmarkId="0"/>
    <open-files xmlns="http://www.netbeans.org/ns/projectui-open-files/2">
        <group>
            <file>file:/D:/New%20folder%20(5)/CSE213_FinalFolder_2022335_2020877_2021793_2022350_topic9_fitnesscenter/FinalProject_Group09_Gym_And_Fitness_Center/src/MaintenanceStaff/EquipmentRepairsIssuesController.java</file>
            <file>file:/D:/New%20folder%20(5)/CSE213_FinalFolder_2022335_2020877_2021793_2022350_topic9_fitnesscenter/FinalProject_Group09_Gym_And_Fitness_Center/src/Classes/Member.java</file>
            <file>file:/D:/New%20folder%20(5)/CSE213_FinalFolder_2022335_2020877_2021793_2022350_topic9_fitnesscenter/FinalProject_Group09_Gym_And_Fitness_Center/src/Member/GymSupplementController.java</file>
            <file>file:/D:/New%20folder%20(5)/CSE213_FinalFolder_2022335_2020877_2021793_2022350_topic9_fitnesscenter/FinalProject_Group09_Gym_And_Fitness_Center/src/Member/MembershipDetailsController.java</file>
            <file>file:/D:/New%20folder%20(5)/CSE213_FinalFolder_2022335_2020877_2021793_2022350_topic9_fitnesscenter/FinalProject_Group09_Gym_And_Fitness_Center/src/Member/HealthIndicatorsController.java</file>
            <file>file:/D:/New%20folder%20(5)/CSE213_FinalFolder_2022335_2020877_2021793_2022350_topic9_fitnesscenter/FinalProject_Group09_Gym_And_Fitness_Center/src/Member/FitnessCommunityController.java</file>
            <file>file:/D:/New%20folder%20(5)/CSE213_FinalFolder_2022335_2020877_2021793_2022350_topic9_fitnesscenter/FinalProject_Group09_Gym_And_Fitness_Center/src/Login/LoginSceneController.java</file>
            <file>file:/D:/New%20folder%20(5)/CSE213_FinalFolder_2022335_2020877_2021793_2022350_topic9_fitnesscenter/FinalProject_Group09_Gym_And_Fitness_Center/src/Member/SetFitnessMilestonesController.java</file>
            <file>file:/D:/New%20folder%20(5)/CSE213_FinalFolder_2022335_2020877_2021793_2022350_topic9_fitnesscenter/FinalProject_Group09_Gym_And_Fitness_Center/src/MaintenanceStaff/CreateScheduleController.java</file>
            <file>file:/D:/New%20folder%20(5)/CSE213_FinalFolder_2022335_2020877_2021793_2022350_topic9_fitnesscenter/FinalProject_Group09_Gym_And_Fitness_Center/src/MaintenanceStaff/MembersFeedbackController.java</file>
            <file>file:/D:/New%20folder%20(5)/CSE213_FinalFolder_2022335_2020877_2021793_2022350_topic9_fitnesscenter/FinalProject_Group09_Gym_And_Fitness_Center/src/Member/DashboardController.java</file>
            <file>file:/D:/New%20folder%20(5)/CSE213_FinalFolder_2022335_2020877_2021793_2022350_topic9_fitnesscenter/FinalProject_Group09_Gym_And_Fitness_Center/src/Login/ForgetPasswordController.java</file>
            <file>file:/D:/New%20folder%20(5)/CSE213_FinalFolder_2022335_2020877_2021793_2022350_topic9_fitnesscenter/FinalProject_Group09_Gym_And_Fitness_Center/src/Member/BookWorkoutSessionController.java</file>
            <file>file:/D:/New%20folder%20(5)/CSE213_FinalFolder_2022335_2020877_2021793_2022350_topic9_fitnesscenter/FinalProject_Group09_Gym_And_Fitness_Center/src/Classes/MaintenanceStaff.java</file>
            <file>file:/D:/New%20folder%20(5)/CSE213_FinalFolder_2022335_2020877_2021793_2022350_topic9_fitnesscenter/FinalProject_Group09_Gym_And_Fitness_Center/src/Member/TrackProgressController.java</file>
            <file>file:/D:/New%20folder%20(5)/CSE213_FinalFolder_2022335_2020877_2021793_2022350_topic9_fitnesscenter/FinalProject_Group09_Gym_And_Fitness_Center/src/Member/WorkoutPlansController.java</file>
            <file>file:/D:/New%20folder%20(5)/CSE213_FinalFolder_2022335_2020877_2021793_2022350_topic9_fitnesscenter/FinalProject_Group09_Gym_And_Fitness_Center/src/MaintenanceStaff/AnalyzeFeedbackController.java</file>
            <file>file:/D:/New%20folder%20(5)/CSE213_FinalFolder_2022335_2020877_2021793_2022350_topic9_fitnesscenter/FinalProject_Group09_Gym_And_Fitness_Center/src/MaintenanceStaff/RiskInAGymController.java</file>
            <file>file:/D:/New%20folder%20(5)/CSE213_FinalFolder_2022335_2020877_2021793_2022350_topic9_fitnesscenter/FinalProject_Group09_Gym_And_Fitness_Center/src/MaintenanceStaff/DashboardController.java</file>
            <file>file:/D:/New%20folder%20(5)/CSE213_FinalFolder_2022335_2020877_2021793_2022350_topic9_fitnesscenter/FinalProject_Group09_Gym_And_Fitness_Center/src/MaintenanceStaff/EmergencySituationController.java</file>
            <file>file:/D:/New%20folder%20(5)/CSE213_FinalFolder_2022335_2020877_2021793_2022350_topic9_fitnesscenter/FinalProject_Group09_Gym_And_Fitness_Center/src/MaintenanceStaff/GymEquipmentController.java</file>
            <file>file:/D:/New%20folder%20(5)/CSE213_FinalFolder_2022335_2020877_2021793_2022350_topic9_fitnesscenter/FinalProject_Group09_Gym_And_Fitness_Center/src/MaintenanceStaff/MonitorToEnsureCleanlinessController.java</file>
        </group>
    </open-files>
</project-private>
